greh;O
sajt;O
rasprave;O
izborna;O
dese;O
razne;O
Bukumirić-Katić;I-per
probleme;O
upitanju;O
predviđena;O
Kaletović;I-per
ABN;B-org
stoga;O
potiskujući;O
tačku;O
Evropa;I-misc
smenio;O
mogućoj;O
železničke;O
sezone;O
poslovnik;O
znatno;O
Oružje;O
ubrizga;O
poslala;O
prestane;O
veliku;O
izjavu;O
Konjanovskog;I-per
Estonije;B-loc
so;O
Jugoistočna;B-misc
prometa;O
kompanijom;O
drži;O
Sanela;B-per
montaža;O
Damanaki;I-per
kiša;I-misc
Uhapšeno;O
ličnom;O
strogom;O
Nehrua;I-per
Dragulj;O
ministarskom;O
poznat;O
jedinstvenih;O
ministarstava;O
ORA;B-org
štete;O
očekivati;O
Kusari;I-per
pozivajući;O
Ortakoj;B-loc
dnevno;O
Sledeće;O
opozicionu;O
eksplozivnu;O
decembru;O
Skupljači;B-misc
Dinkićevih;B-deriv-per
jaz;O
standarde;O
odliva;O
2:08.90;O
faze;O
sali;O
građevinske;O
stranama;O
Bolje;O
telu;O
preurediti;O
Naftovod;O
reflektuje;O
samom;O
smeštaj;O
ublažavanju;O
Obećavamo;O
Amerike;I-org
turistkinje;O
principe;O
Majkrosofta;B-org
uslova;O
bend;O
Borisa;I-per
Kokalakis;I-per
policajaca;O
aparat;O
Samim;O
oslobođene;O
Dejtonu;B-loc
ponuditi;O
pregledu;O
kišnim;O
sveukupne;O
promovisali;O
partiju;O
onoga;O
Ukupne;O
stanovništvo;O
vladajuću;O
Mraz;I-per
građevina;O
otvorimo;O
bombaškog;O
integritet;O
rumunsko-turskom;O
Bektaševićem;I-per
praksu;O
groznica;O
aktuelna;O
Padinska;B-org
kirija;O
istorije;O
Sudije;O
nagradu;I-misc
isprovocirana;O
predstavljaju;O
Prodaja;O
igračem;O
armije;O
opstale;O
koracima;O
započeto;O
Macura;I-per
UEFA;B-org
direktan;O
govoreći;O
govora;O
fazom;O
stave;O
leškari;O
osumnjičena;O
stigli;O
uzgoj;O
dobri;O
namenjeni;O
Termoelektrana;B-org
68;O
brojem;O
poruke;O
Evropska;B-misc
usmeravanju;O
srednjem;O
pokrajine;O
potvrditi;O
spreče;O
funkcionalna;O
Balkana;B-loc
koraci;O
zapravo;O
119;O
Bolano;B-per
Utvrđeno;O
Ćulibrk;B-per
nacija;O
Bilgi;I-org
obezbeđivanje;O
neustavno;O
Azije;B-loc
zamenika;O
World;B-org
putovanja;O
rešavanju;O
izvoznika;I-org
Koncert;O
tenzija;O
kiparskom;O
delove;O
zdrava;O
sumnu;O
okupljanja;O
Petrovaradinskoj;B-loc
ponosa;I-misc
Ninića;I-per
izgleda;O
politikom;O
fon;I-per
desetak;O
dana;O
Asocijacija;B-org
Renoviranje;O
Rusije;B-loc
vezanim;O
izolaciji;O
potvrdilo;O
insistirao;O
svojih;O
majki;O
razočarenje;O
zaslužuje;O
enklave;O
stručnjacima;O
dorade;O
prošlom;O
arsenal;O
gađanju;O
postojanja;O
osumnjičene;O
Top;B-org
praćeno;O
mišljenjima;O
brodova;O
van;O
hitnu;O
sprovele;O
29.11.2010.;O
obožavalac;O
otkupio;O
Svi;O
tuži;O
komesarijata;O
Vlašić;I-per
student;O
procenjeni;O
pokazalo;O
Buš;B-per
Napulju;I-org
najperfektnije;O
rezultat;O
Svetske;I-org
sprovedeni;O
stabilnost;O
stojimo;O
pogođeni;O
šefice;O
leptir;O
Birači;O
svedočili;O
završene;O
Nikolovski;I-per
parlamentu;O
dobiće;O
mislimo;O
Daren;B-per
značajne;O
naporima;O
Prošlog;O
demokratija;O
parada;O
Kompaniju;O
aktiviste;O
urednik;O
zvaničnici;O
opasnosti;O
mišljenja;O
poverenje;O
blizak;O
pridružilo;O
Trajkovskog;B-per
usmerenu;O
prepreka;O
zatvoreno;O
takvim;O
frustriraju;O
Glas;B-org
ukupan;O
slobodnih;O
hiljade;O
ministarki;O
uspostavljenm;O
2.000;O
fokusiraće;O
popularnu;O
neuvazavanja;O
istoka;I-loc
vaše;O
162;O
ćete;O
di-džejevi;O
silovanja;O
Mladića;B-per
usredsređena;O
pravoslavna;O
Muzafer;I-per
upućivanjem;O
podataka;O
transfer;O
radnog;O
zemlju;O
Montana;I-per
predodređen;O
vatrenog;O
Dodik;B-per
Lokalne;O
grčko;O
doputovati;O
Tatul;B-loc
najbolje;O
mi;O
osoblje;O
ustavna;O
blato;O
turskim;O
zgradama;O
Danas;B-misc
bivšoj;O
Republike;I-org
uzrokovao;O
veći;O
kamatnu;O
Branko;B-per
biometrijskom;O
privatizovan;O
književnih;O
radnom;O
samitom;O
pregovarači;O
garantovati;O
Gruzija;B-loc
staze;O
pominju;O
uložimo;O
klub;O
štampanim;O
van;I-per
ovogodišnju;O
suda;O
grade;O
1982.;O
odnosu;O
posebno;O
vežbama;O
Čovića;I-per
Đurović;I-per
strukturu;O
NATO-a;I-org
kompjuter;O
važna;O
avgusta;O
Sitiju;I-loc
Vujasinović;I-per
pokušaju;O
magazini;O
kosovske;O
pobedila;O
reunifikaciju;I-org
memorijalne;O
Dimitrov;I-per
Prvoj;B-misc
paketu;O
stopu;O
skinuta;O
svedena;O
duva;O
Jojković;I-per
strani;O
Zapatero;B-per
kaže;O
komesarka;O
48-godišnjeg;O
generalima;O
remont;O
uradio;O
uvoznici;O
interese;O
BDP;O
završio;O
19.;O
Vesna;B-per
muzeju;I-org
Bugarska;B-loc
ovom;O
naglasio;O
Nečije;O
sagorevaju;O
Preševskoj;B-loc
pripremu;O
povukla;O
Prajsner;I-per
početnog;O
međunarodne;I-misc
Ovogodišnji;O
Srebrenica;B-loc
dnevnika;O
svojstveno;O
EFSM;B-misc
grubi;O
prijatelji;O
gradiće;O
koordinatora;O
Zorić;I-per
MKSJ;B-org
vratima;O
ubila;O
urađeno;O
palestinskog;O
JIE;B-loc
narastajući;O
poredak;O
Delegacija;O
podložnom;O
Dvadesetčetvorogodišnja;O
lošije;O
privatizacija;O
kosovskih;O
Čomić;I-per
živimo;O
želeli;O
orijentisana;O
mobilne;O
Spor;O
Sloboda;O
ustavni;O
izdvajajući;O
stvarnog;O
sporazum;I-misc
semininara;O
pozicije;O
oktobarskog;O
Grozdanovska;I-per
sigurna;O
ozbiljnom;O
teritorije;O
značaj;O
Policija;O
Staro;B-loc
gazele;O
Grci;B-per
međunacionalne;O
Burkaj;B-per
industrija;O
zapanjeni;O
obavljaju;O
usta;O
prekomandovani;O
Brauna;I-org
jesen;O
Metodija;I-org
pokrenuo;O
opticaj;O
koaliciju;O
besplatnu;O
zatražio;O
Plan;O
suočavamo;O
ciljem;O
geopolitičkog;O
udela;O
posleratnih;O
Napraviti;O
školovani;O
primeni;O
povećala;O
Gevorgjian;I-per
sebi;O
Silajdžićem;I-per
pretrpele;O
Bonovi;O
sever;O
pravnog;O
Rtari;B-loc
vozilima;O
prihvatila;O
integrisane;O
Sači;B-org
siromaštvu;O
ugodnom;O
plovi;O
Novim;O
igrač;O
Olimpijada;B-misc
Đelem;B-misc
najznačajnije;O
dvojnog;O
Jurčić;I-per
svojevremeno;O
Ljubljani;B-loc
Razlog;O
preduzeti;O
Stanovnik;O
Taleski;I-per
postavljenih;O
ispita;O
žrtvama;O
federacija;I-org
imenovao;O
Demetris;B-per
Carinska;O
Rodgrigez;I-per
liniju;O
civilnu;O
uprte;O
ostajemo;O
Članu;O
Zec-Peskirić;I-per
filijalama;O
Miško;B-per
Ankari;B-loc
Markovićem;I-per
radionica;I-misc
novih;O
aktivirati;O
časovima;O
analize;I-misc
promociju;O
zadržavanju;O
pogođen;O
osećaj;O
pozitivne;O
policijsku;O
Cerićeva;B-deriv-per
2005.;O
Strategijom;B-misc
napravljene;O
Boudoir;I-org
Butmiru;B-loc
bore;O
međunarodna;O
pograničnoj;O
vremenu;O
beži;O
Massive;B-org
preneta;O
Muter;I-per
slobodi;O
Poslodavci;O
svetlo;O
nemoguća;O
Srećko;B-per
Tanjug;B-org
Britanija;I-loc
Bosnu;B-loc
BRISEL;B-loc
1997.;O
društvo;O
rođene;O
svakodnevnu;O
Majski;B-misc
Lukoviću;B-per
namera;O
stavu;O
komisiji;O
uvezlo;O
Rovinju;B-loc
jedni;O
plovio;O
alkohola;O
odbacivanju;O
kamena;O
minutu;O
reagovao;O
mogao;O
pišući;O
predviđene;O
jedinici;O
generatora;O
intervencija;O
Katić;I-per
višeboju;O
Sejdiu;B-per
38;O
oktobar;O
poseti;O
Još;O
Rosin;B-per
nameštanja;O
obmanjivala;O
paljenje;O
štampaju;O
spid;O
zapošljavanje;O
pretvorio;O
Revolucionarnu;B-org
unutarpolitičkih;O
Saveta;I-misc
čest;O
dostigle;O
podnese;O
Vijetnamski;B-org
smatra;O
predstavljeni;O
Zakon;B-misc
izbeglicama;I-misc
Ekonomske;O
pojavljuju;O
specijalnoj;O
ne;O
11.;O
lava;I-misc
Slobodanom;B-per
Aleksandru;B-per
stupa;O
muzike;O
košarci;O
sudu;I-org
zastavama;O
vožena;O
preventivna;O
Osetije;B-loc
martu;O
Te;O
svote;O
Pored;O
prilikom;O
poslaniku;O
Fehmiju;I-per
razmatraće;O
osvojivši;O
ostaju;O
čine;O
stabilne;O
odgovora;O
zabeležen;O
avganistanskih;O
Salon;B-misc
okriljem;O
organizatora;O
ih;O
izabere;O
završi;O
stabilizaciji;I-misc
poljoprivredna;O
prekrivena;O
uvodni;O
Arbena;B-per
demokratsku;I-org
okviru;O
tekuće;O
trofej;O
glasanju;O
Bitići;B-per
Vrednost;O
modifikovane;O
Nadam;O
pravila;O
sporazume;O
napravljena;O
Portparol;O
prisutnima;O
Angel;B-per
trećine;O
zagađivača;O
žena;I-org
vanredno;O
konferencija;O
Razvan;B-per
komemoraciji;O
pučini;O
eksploziva;O
festivala;O
Hurijet;B-org
stanici;O
ograničiti;O
Sledećih;O
nepovoljne;O
odugovlačenja;O
osumnjičenima;O
putovanju;O
barovima;O
četvorostruka;O
odvede;O
predviđenom;O
zabrinutost;O
Češki;O
redosleda;O
Senad;B-per
hapšenja;O
1;O
druge;O
nezaposlenima;O
političara;O
razborita;O
jednom;O
otvoriće;O
meseca;O
priznata;O
dostizanje;O
Sergejem;B-per
grupno;O
Hiljade;O
Neka;O
animoziteti;O
protumačiti;O
kapije;O
otkaz;O
Belinda;B-per
kiparskim;O
izlazima;O
Bokom;I-per
mržnju;O
otpada;O
vlasnike;O
perspektivi;O
narkotika;I-org
IPA;B-org
Velčev;B-per
Asosijets;I-org
političkom;O
Ljubav;B-misc
većem;I-org
jedinstveni;O
bankarski;O
mobilizuju;O
Memetija;I-per
manjinska;O
budžetu;O
nastaju;O
preko;O
princip;O
svog;O
ilirskim;O
Petković;I-per
mogle;O
Ivanovu;I-per
vojske;O
osujete;O
Gorenje;B-org
Završen;O
agresija;O
Američka;B-org
oslabili;O
700.000;O
krivicu;O
bacala;O
razmatraju;O
fondu;O
mode;I-misc
portparol;O
napredovalo;O
čelu;O
misije;O
nacionalne;O
nepravde;O
Vots;I-per
želim;O
najjače;O
izborima;O
pripremi;O
Akropolju;B-loc
Poslovna;B-org
demonstracija;O
izvoz;O
distancama;O
hrvatskim;O
brojnim;O
Makedonijom;B-loc
izražavale;O
Sudovi;O
okonča;O
završeno;O
ratifikuje;O
Bekim;B-per
Lila;I-per
čime;O
pravdi;O
donji;O
Đinđićevo;B-deriv-per
modnih;I-org
međusobne;O
odgovarajuća;O
preduzete;O
Pretreseni;O
namerom;O
zajednicima;O
Društvo;O
Dvanaestog;O
budžetska;O
Nada;B-per
verbalnog;O
predsednici;O
svetsko;O
ruske;O
Ahern;B-per
Porodica;O
inostranstvom;O
uputi;O
mermeri;O
ustavnoj;O
rezerve;O
kolekcije;O
angažmanom;O
investicioni;O
vlažnosti;O
pojava;O
novosti;I-org
Blumberg;B-org
razmimoilazenjima;O
etike;O
činjenica;O
Valkanovska;I-per
pukovnik;O
jezičkom;O
bombi;O
krova;O
International;I-org
kraće;O
grčki;O
bugarske;O
složenog;O
lobi;O
rođenih;O
glasali;O
bezuman;O
Bećirija;I-per
FOCUS;B-org
veliki;O
Ahmeti;B-per
zakonima;O
Erdogan;B-per
gorska;O
islamsku;O
aktivnije;O
metra;O
povezano;O
Ešdaunovim;B-deriv-per
dobrosusedskih;O
penziji;O
10;I-loc
suseda;O
reagovali;O
Ramkovskom;I-per
imate;O
Teodora;B-per
ušla;O
Sekuljica;I-per
odaje;O
Osam;O
stvara;O
Dorske;O
Rijad;B-per
Makedonija;B-loc
lokalnih;O
kilometara;O
bilateralne;O
uloga;I-org
Ivanovski;I-per
sretna;O
čijem;O
kanališu;O
individualnim;O
Komunistički;O
Pedija;B-per
99;O
kolektivnog;O
rešava;O
Krasnićija;B-per
Pomoćnik;O
najznačajnijih;O
demokratizaciju;O
Reforma;O
optuženi;O
stvorio;O
nabave;O
entitetskih;O
Razgovaralo;O
privatizaciono;O
poslodavcem;O
turističkog;O
Zvonko;B-per
V.;I-per
dogodio;O
bronzanu;O
sedištem;O
zadovoljavajuću;O
Dugolija;I-per
Dimiter;B-per
Mirjane;B-per
prihvaćenim;O
Đoković;I-per
vlada;O
ATP;B-misc
Verujemo;O
ponudio;O
treba;O
Parivodić;B-per
organizovana;O
priredio;O
vakuum;O
ponašanja;O
uzastopnim;O
Adema;B-per
set;O
Grosman;I-per
sponzora;O
nekoj;O
poboljšale;O
ranijim;O
delikatno;O
Ligu;B-misc
manjim;O
umešanost;O
vođama;O
Novom;I-misc
Želimo;O
prelazima;O
Profiteri;O
sfera;O
kampuse;O
slede;O
Starosna;O
ustavne;O
najmanje;O
Pokrovitelji;O
strukturne;O
popnu;O
udvarača;O
Podravska;B-loc
otvorenog;O
Kandić;I-per
Guldiman;B-per
Nazi;I-per
sveobuhvatajućeg;O
živi;O
Dijaspora;O
Karaj;I-per
parova;O
kompjuterskih;O
sadašnjom;O
karikama;O
deljenje;O
završetka;O
sudskom;O
gotovo;O
postojećih;O
alijanse;I-org
međuspratu;O
Krug;I-org
Oljdašija;I-per
Najet;B-per
čenel;I-org
18;O
Australiji;B-loc
doprinela;O
Ivan;B-per
Junker;I-per
podsekretar;O
pratile;O
ispunjavali;O
opravdano;O
iskopavanjima;O
Jeremićem;I-per
uključi;O
sistemom;O
sekretarica;O
podoficira;O
verom;O
Pećanac;I-per
štetni;O
praznika;O
izvesne;O
putnika;O
prijavljivali;O
miroljubiva;O
miroljubivoj;O
proističu;O
prvog;O
Ulm;B-org
najčuvanijih;O
Hozea;B-per
ubijaju;O
doputuje;O
obećanje;O
runda;O
strahovanjima;O
privreda;O
nemirima;O
jak;O
odgovorni;O
četrnaestom;O
podaci;O
krug;O
režima;O
Fjužn;I-loc
pozajmljivanje;O
Džavida;B-per
čitav;O
efikasnu;O
pretpostavkom;O
Pejović;I-per
Abdela;B-per
barikadama;O
Ukoliko;O
Predstavnik;O
podmićivanja;O
trude;O
socijaldemokrata;O
Okružnog;B-org
usvajanju;O
trudnoću;O
četvorici;O
Kosovski;O
Pre;B-misc
počinioci;O
dostigao;O
Jovović;B-per
političkih;O
prištinske;O
Grdešić;B-per
politička;O
sirijskog;O
sticanje;O
predstavljena;O
sred;O
Istanbulska;B-org
bacio;O
Kofi;B-per
aranžman;O
olakšala;O
odan;O
posuđe;O
mladom;O
mišljenju;O
dnevnik;O
Srbe;B-per
najvišeg;O
odbacile;O
uhapšena;O
konkretno;O
demografske;O
piratskih;O
nastupiti;O
Crnogorci;B-per
Kosovskoj;O
Pjerika;B-per
pokret;I-org
hapšenjem;O
ozbiljnu;O
besplatno;O
ministara;I-org
grupu;O
];I-org
kompozitor;O
gost;O
činjenicom;O
preuranjeno;O
Arvaniti;I-per
perspektiva;O
misleći;O
doprli;O
verske;O
normalizacije;O
punu;O
Ivanović;I-per
Dijalog;B-misc
51;O
Galenici;B-loc
telekomunikaciona;O
Glas;B-misc
uzeli;O
izdaju;O
ludačka;O
6-4;O
Socijaldemokratske;B-org
učestalosti;O
poslovnih;I-org
nezaposlenosti;O
samoubistvo;O
Radu;I-per
očigledan;O
Petkanov;I-per
Kancelarija;B-org
turske;O
Evropskim;B-org
Rumunske;B-org
procene;O
broj;O
premeštanje;O
Diplomatski;O
brinu;O
romansa;O
pristupanje;O
Proglašenjem;O
živeli;O
očajanje;O
letnje;O
očekuje;O
boravka;O
jaja;O
Doktor;O
slanje;O
Boru;B-per
Islamske;B-org
prevaru;O
komunističku;O
90;O
Utisak;O
albansku;O
nadmeću;O
kandidati;O
Lukoil;B-org
ministar;O
vaterpolo;O
diplomatska;O
pokrenule;O
prestonici;O
najnovije;O
neuspeli;O
složio;O
svrha;O
izvestila;O
palubu;O
kritičnog;O
...;O
evro;B-org
Hopom;I-per
Paleologu;I-per
institucionalnih;O
sjaj;O
Zenice;B-loc
udružuju;O
bavi;O
rukovodioci;O
čuva;O
Kusturica;B-per
2003.;O
poručili;O
Kolev;I-per
Divcu;I-per
neootomanizam;O
okončaju;O
postali;O
mogu;O
pretvaranje;O
rasizma;O
relevantni;O
štetne;O
lokalce;O
žaljenje;O
osudio;O
operaciji;O
Viktor;B-per
karijeri;O
završavajući;O
sama;O
donošenju;O
Teme;O
studijom;O
Štajnmajer;I-per
ustavotvorne;O
Marcos;B-per
ponavljanje;O
nezavisnih;O
privremenog;O
postavili;O
ivici;O
preoteli;O
obojeni;O
optužen;O
zahtev;O
Edite;B-per
krenuti;O
slučaju;O
pošte;O
voljna;O
vraćen;O
suzavca;O
ide;O
trendu;O
odvaja;O
podeljeni;O
perja;I-misc
izričito;O
Mančevski;I-per
mreža;O
Deci;O
72-godišnjeg;O
njegovim;O
prevedeni;O
grči;O
privatizovane;O
pokret;O
diskriminatoran;O
priveden;O
stvarnosti;O
vebsajt;O
sadašnja;O
rođenja;O
klauzulom;O
posebnim;O
brzog;O
ustava;O
karijeru;O
nezakonit;O
Aleksej;B-per
Deceniju;O
linije;O
islamskih;O
radovi;O
drvo;O
NATO;I-misc
njegovih;O
korišćena;O
popularnost;O
Žan;B-per
politiku;I-org
prenesu;O
kampanji;O
karikature;O
donose;O
implementacije;O
Srbi;B-per
najbezbednijih;O
formiranim;O
autonomnih;O
privatnih;O
Opšti;O
tranziciji;O
pogođene;O
Britiš;B-org
đubriva;O
pritom;O
skupštini;I-org
Vidimo;B-misc
Balkan;I-loc
omesti;O
čestitim;O
sredine;O
bezbednosnih;O
4.;O
Nemca;B-per
Upravni;B-org
bolesti;O
predstojećih;O
uzoru;O
you;I-misc
suzavac;O
drugih;I-misc
avazu;I-org
softvera;O
imali;O
vodene;O
sredstvima;O
približavanje;O
intenzivirati;O
iskren;O
multiplikativnih;O
omogućiti;O
prestonice;O
Maneva;B-per
otpadnih;O
firmama;O
Taj;O
podne;O
dekoracija;O
porcije;O
dozvoljava;O
buduće;O
Prašina;B-misc
regulisano;O
143;O
vidi;O
izvršio;O
izbrisana;O
donosi;O
Nacionalni;B-misc
volju;O
određivanjem;O
Republiku;B-loc
nikoga;O
počinjena;O
Sefera;I-per
izraženih;O
Preduzeća;O
dvojica;O
pokrajini;O
najefikasnije;O
ograniči;O
Peres;B-per
ratno;O
Radovana;B-per
postići;O
nikne;O
iskoriste;O
žure;O
koštali;O
Famagusta;B-loc
Halenberg;I-per
velika;O
kamenice;O
?;O
NATO-a;B-org
sednica;O
poslovnim;O
balkanskih;O
trajno;O
blokada;O
kapaciteta;O
Aleji;B-loc
Bostandžijev;I-per
funkcionisao;O
Gotovinu;I-per
Rimskog;B-loc
raspada;O
izvoza;O
fotografije;I-misc
hausa;I-org
Odbegla;O
carina;O
usmeravali;O
mir;I-misc
dnevnom;O
simbol;O
sela;O
lekovi;O
očekivani;O
Balkanu;I-misc
prodato;O
Davutoglu;I-per
muslimanske;O
Drave;B-loc
protokola;O
poseduju;O
želite;O
zaplaši;O
velemajstor;O
nabolju;O
podržana;O
fantastičan;O
pružili;O
mermerima;O
pojačane;O
kazna;O
Bukumirić-Katić;B-per
zločini;I-misc
nekog;O
Gul;I-per
Gaza;I-misc
zamenu;O
Blace;B-loc
ustupio;O
teritorijalnog;O
južne;O
obaveze;O
nepošteno;O
Baroza;B-per
ekspanzije;O
videti;O
islandske;O
Cicko;I-per
ratifikovati;O
zaključi;O
pomenuo;O
INSEAD;B-org
potražnje;O
počinioca;O
postavljaju;O
blog;O
napustilo;O
emisiju;O
nelikvidnost;O
hrvatske;O
Koalicije;B-org
Otomansko;B-loc
zabrinuo;O
nedovršeno;O
prsno;O
Istraga;O
narodno;O
stvaranje;O
Fatmira;B-per
izvodile;O
gorko;O
Zahirović;I-per
britanski;O
insistirati;O
tužioca;I-org
Ambasadu;B-org
Moldavci;B-per
višestranačku;O
rasteraju;O
uložiti;O
Festivalu;B-misc
kakvom;O
domovima;O
puteve;O
Vinsent;B-per
zaključivanju;O
utakmice;O
Arabija;I-loc
klevetama;O
naplatu;O
lige;I-org
poslednji;O
pomorskim;O
porekla;O
Kadare;I-per
pravog;I-org
prebacivati;O
nikakvu;O
zakona;O
ujedini;O
najjačih;O
Uverena;O
faktora;O
održavanje;O
Šugar;I-org
januar;O
osudila;O
upravi;O
nilskog;O
Peter;I-loc
Labus;I-per
dušeci;O
demokratsko;O
Zastoj;O
Predstojeći;O
samih;O
prepusti;O
akademski;I-org
Tada;O
dinara;O
postignutog;O
iznevere;O
napredak;O
poštena;I-org
drugačije;O
travu;O
slaže;O
gol;O
Solun;I-org
izmena;O
globalnu;O
Šešelj;B-per
Nekako;O
izgubiti;O
prijavljuje;O
napadnu;O
Ljubo;B-per
proaktivan;O
ravna;O
postavljanje;O
Unija;B-org
zone;I-misc
7;O
Plojesti;B-loc
jakih;O
droge;O
neodgovorno;O
finansijskom;O
odlazeća;O
carstvo;I-loc
inače;O
Demokratske;B-org
suverenost;O
centi;O
Prodi;B-per
radnika;O
Formirano;O
nesigurnost;O
poslednjih;O
formalno;O
2008;I-misc
kloniranjem;O
efektivnih;O
muslimanskog;O
sarajevskog;O
stare;O
postalo;O
Turska;B-org
UNICEF;B-org
protiviti;O
cilj;O
ljudska;I-org
Komisiji;B-org
sirove;O
Moamera;B-per
Krajem;O
Crnoj;B-loc
taksa;O
hepatitisa;O
zarađuje;O
fokusiran;O
baš;O
Apokaliptika;B-org
Njihovo;O
duboke;O
novinska;I-org
297;O
pojačale;O
nadmetati;O
aspekata;O
gimnastici;I-misc
glavni;O
pridruživanje;O
Srba;B-per
regionalni;O
nekom;O
uspešno;O
bliskoistočne;O
finala;O
Učesnici;O
česta;O
kontinuitet;O
vlasništvu;O
bezbednosnu;I-org
kontrole;I-org
prostor;O
Smodlaka;I-per
Tim;O
kritikovan;O
blago;O
Napori;O
Crnomorska;B-org
Moldaviji;B-loc
stručnost;O
drugoj;O
konsultacija;O
hapšenjima;O
formulacija;O
mišljenje;O
Dejtonskim;B-misc
ključne;O
protektorat;O
Tražiću;O
svetlu;O
oštrinu;O
Suština;O
koja;O
ukazano;O
XP;I-misc
perje;O
kraljicom;O
Delevoja;I-per
ocenjeno;O
Servisa;I-org
Junker;B-per
Grad;O
piraterije;O
predsednikova;O
produktivnosti;O
generalnu;O
besplatnog;O
pruži;O
prestonica;I-misc
Alijansom;B-org
Izvršna;O
proglašenje;O
imovinu;O
savezna;O
PDV;O
bržem;O
Gordana;B-per
pronalazimo;O
Dete;O
Barozov;B-deriv-per
Miroslav;B-per
Sarajeva;B-loc
Srpski;B-org
Predsednica;O
sprovođenju;O
Misije;B-org
veku;O
Tadićev;B-deriv-per
kulture;O
radikalnim;O
gradnju;O
kritičan;O
Bila;O
njihovu;O
Kantacuzino;B-org
sportske;I-misc
ignorisao;O
sarajevskim;O
prezentacija;O
kolektivno;O
Procenjuje;O
Bugojnu;B-loc
pridružimo;O
krijumčari;O
pokazale;O
čete;O
prezentacije;O
sastanak;O
Blanka;B-per
banke;I-org
firmu;O
nenasilno;O
Miodraga;B-per
--;I-org
Iz;O
poginula;O
nameru;O
većina;O
Balkanske;O
ambasadorskoj;O
Srđan;B-per
svećice;O
Odustajanje;O
klima;O
optuženima;O
šahtovima;O
porukom;O
fudbalsko;I-misc
Političari;O
evro;O
se;I-misc
nemačkim;O
uprave;O
Jugoslaviju;I-org
odnositi;O
Ivanova;I-per
stend-baj;O
reputacijom;O
Bugarske;B-loc
stručnjaci;O
UNODC-u;B-org
oštećenih;O
Sumnja;O
odvodnom;O
priušti;O
Piranskog;B-loc
norlmalnosti;O
Komšić;I-per
samitu;I-misc
Tito;B-per
veličini;O
tužiće;O
Ljajić;I-per
obećava;O
obrazovnih;O
Džegeru;I-per
politika;O
baza;O
otkrivenih;O
unutrašnje;I-org
Buržea;I-per
Velić;I-per
dozvoljeni;O
razbesneli;O
Snažna;O
izvodi;O
socijalističku;O
postojala;O
pliva;O
Zotos;I-per
Pervati;B-per
njom;O
pretendente;O
slobodne;O
razotkriti;O
obalom;O
sedmoj;O
pronađene;O
podrška;O
dogovoreno;O
brojne;O
DUI;B-org
režiserom;O
široka;O
nastavi;O
Novi;B-loc
Kapija;I-loc
verskog;O
Albanijom;B-loc
vladajućom;O
1980;O
jugoslovenskog;O
paktu;O
hitne;I-org
Zato;O
jezik;O
okružen;O
nekoga;O
ideološki;O
priča;O
Eksperti;O
Međunarodnim;B-org
ispravne;O
ostalima;O
neguju;O
najtiražnije;O
uključimo;O
tempom;O
Zemlje;O
intervencije;O
15.11.2010.;O
transportnih;O
pacijentova;O
kohabitacijom;O
Muhamet;B-per
podnositi;O
načela;O
XVI;I-per
Alma;B-per
lancem;O
putovanjima;O
diplomatskom;O
40.000;O
Masiv;B-org
sindikate;O
Sociolog;O
kupovane;O
Zbignjev;B-per
govorili;O
statutima;O
Jang;I-per
Podneo;O
odmor;O
disidenta;O
istočnog;O
primio;O
promenjen;O
podvožnjaka;O
izdavanju;O
Svetozar;B-per
Matija;B-per
putnički;O
pobedili;O
londonskoj;O
ozbiljnim;O
526;O
Železnički;O
odeljenju;O
Konferencijom;O
Iggy;B-per
uspehom;O
Vasića;B-per
građanskim;O
Koridor;B-loc
sredstva;O
Preduzećemo;O
neizvesnu;O
oblast;O
ustuknula;O
Rusi;B-per
Zvanično;O
civilnim;O
odobren;O
lažnog;O
blokade;O
Emanuila;B-per
učine;O
Šef;O
falsifikovati;O
pripadnici;O
Brisela;B-loc
podrazumeva;O
Oli;B-per
BiH;O
hrvatsko-slovenačke;O
posetilac;O
rekla;O
izgradnji;O
Vlastimira;B-per
uske;O
stečene;O
Republiku;I-loc
analitičari;O
zajmove;O
Tajip;B-per
izveden;O
otežava;O
predizbornom;O
dovršen;O
parlament;B-org
stajala;O
krize;O
dugotrajni;O
liste;O
šestogodišnja;O
garantovanja;O
Štajnmajerom;I-per
Morala;O
zajednice;O
neprofitna;O
Bušati;I-per
komplikovano;O
Fabrika;O
posmatrača;O
većinski;O
kompjuterskih;I-misc
balkanske;O
kreditni;O
ujutru;O
Linda;B-per
opravdanja;O
Roanova;B-deriv-per
eventualnom;O
jedan;O
Dziceka;I-per
Nadgledanjem;O
sesiji;O
Posle;O
odvojenu;O
stekli;O
poloitiku;I-org
obnove;O
udarac;O
uvršćena;O
Atanasios;B-per
zaostavština;O
282;O
Očigledno;O
veka;I-misc
blogu;O
Projekat;B-misc
zloupotrebljavale;O
definisan;O
venčaju;O
odvija;O
policajca;O
viša;O
Henkela;I-per
pomenula;O
UEFA;I-misc
primetio;O
Troje;O
kursa;O
Slovenku;B-per
Šćiptare;I-org
zaključci;O
Bojanić;B-per
govor;O
šestomesečnim;O
Pravi;O
specijalizovanom;O
sadržaće;O
automobilsku;O
slobodnog;O
restorativna;O
ciklusa;O
protivi;O
trudeći;O
garantno;O
Velika;B-loc
Nailazila;O
nesreće;O
zaista;O
hrana;O
četvorica;O
glumaca;O
rekonstrukcija;O
žestok;O
izaslanik;O
pitao;O
poređenje;O
odgovorno;I-org
Borisovu;I-per
društvene;O
stolove;O
ti;O
Globalna;O
Cajtung;I-org
tenkova;O
piće;O
potpredsednikom;O
članom;O
eksplodirale;O
retoriku;O
Tajip;I-per
odlažu;O
isključena;O
pokrenuti;O
pravnim;O
otprilike;O
izveštava;O
retki;O
čija;O
krajnjih;O
telima;O
albanska;O
Švedske;B-loc
Anica;B-per
Reformama;O
nogama;O
];I-loc
posetile;O
učlanjenju;O
religije;O
osiguranja;O
Bocan-Karčenka;I-per
zaliva;I-loc
Komšićevu;B-deriv-per
izbegne;O
krijumčarenje;O
Đovani;B-per
brodolom;O
Posetioci;O
severnoafričkog;O
Najviši;O
Mostaru;B-loc
Plamenom;B-per
ulične;O
Ćulibrk;I-per
krediti;O
uznemiren;O
Kenan;B-per
dolaze;O
konzorcijum;O
ruku;O
eksploataciju;O
i;I-misc
slivaju;O
jedini;O
balkanskoj;O
državljanstvu;O
sednicama;O
takmičenja;O
prihvataju;O
stranu;O
neefektivnosti;O
prosečne;O
predložena;O
Tomislavu;B-per
višim;O
pobedu;O
mladih;I-misc
Siguran;O
Mađari;B-per
pronađena;O
posmatrano;O
1989.;O
Makedonski;O
navode;O
uzvratile;O
Kerola;I-per
Edija;B-per
preduzetništva;I-misc
ispitala;O
celog;O
datuma;O
faktor;O
odrazi;O
dostignut;O
sveukupnu;O
ispostavilo;O
dajući;O
Kišovito;O
25-godišnji;O
dođu;O
dugo;O
ustavnih;O
prošlosti;O
Novice;B-per
nacionalnim;O
imam;O
manjinsku;O
zapretili;O
traje;O
ajkule;I-org
domaća;O
kaznenih;O
pozitivnih;O
turneji;O
Aurora;B-org
naveo;O
Ajhan;B-per
potrebnog;O
Borisa;B-per
zatvara;O
Argentina;B-loc
represivnih;O
Marketing;I-org
Neophodno;O
Njegov;O
stubove;O
beskompromisna;O
Sesli;I-per
predala;O
postavivši;O
Dove;B-misc
kora;O
definisati;O
izabrao;O
verovatni;O
predstavnica;O
prvaka;O
poznatih;O
potkrepljena;O
trojke;I-misc
preuzimanja;O
dokaz;O
karijerama;O
američke;O
Komiteta;B-org
profesorka;O
Dinkića;I-per
Povratak;O
snažnije;O
Elsa;B-per
podrivanja;O
sejale;O
stopa;O
unaprediti;O
formulisana;O
Najveći;O
antičkih;O
EXIT-u;B-misc
ostalim;O
evo;O
Đurčanj;I-per
poizvod;O
Mosel;I-misc
uklanjanja;O
dunavske;O
Promenjeno;O
sportu;O
slabo;O
ribar;O
programe;O
različitosti;O
Albanija;B-loc
njenih;O
Organizacije;B-org
Prifti;I-per
široko;O
35;O
27-člane;O
Zaštitne;O
imuniteta;O
koristila;O
ustupke;O
Ramaza;I-per
Norveške;B-loc
tursko-nemačkog;I-misc
prodaja;O
Slobodna;B-misc
savetnik;O
socijalizam;O
iznositi;O
neka;O
Ohridske;B-misc
poreza;O
Široka;O
stranci;O
nedavni;O
poslednjim;O
širom;O
Učešće;O
tenderske;O
tražilaca;O
2013.;O
Bulgartabak;B-org
mestu;O
arheolozi;O
roman;O
Ovom;O
izlazi;O
Ban;B-per
Privredna;B-org
unutrašnji;O
katastrofalne;O
dokumentovanje;O
sporazumima;O
zrelost;O
međusobnu;O
crnomorske;O
Tomića;I-per
važniji;O
uvere;O
vladu;O
saveznika;O
teretnog;O
džamija;O
režiserima;O
Suočene;O
nameću;O
gde;O
Haškim;B-org
izražavanja;O
planetu;O
uređaja;O
koordinaciju;O
Benediktom;B-per
izvršna;O
Mađarskoj;B-loc
dažbinama;O
glavnih;O
fazu;O
železnice;O
fudbalska;I-org
zavisi;O
bezbedni;O
celokupni;O
svesni;O
povećanja;O
Milanom;B-per
turnir;O
policija;O
ogroman;O
Bosni;B-loc
deficit;O
velikih;O
ulasku;O
zastave;O
vrhunac;O
Polokvane;B-loc
Majkrosoft;B-org
Kralj;O
zapisnici;O
eliminiše;O
Andrula;B-per
odbrana;O
parlament;O
glavnu;O
final;I-misc
verovanja;O
dvanaest;O
Geografski;O
Kunevom;I-per
zvanični;O
ritualima;O
metalno-drvene;O
ravnopravni;O
austrijska;O
ovogodišnjem;O
turizam;O
ranjena;O
istraživanjima;O
prijavljeno;O
Saks-Koburga;B-per
cilja;O
osiguravanje;O
održi;O
pepeo;O
odmaralištu;O
predsednik;O
Instirajući;O
patuljke;O
redovno;O
onaj;O
podsekretarom;O
radu;O
ubuduće;O
optužnicu;O
manjini;O
Abdulah;I-per
konfliktna;O
Rumuna;B-per
reakcija;O
strateško;O
nepovezani;O
paralelu;O
Đinđićevi;B-deriv-per
region;O
književnost;I-misc
talenti;O
temelji;O
najveće;O
mora;I-misc
ravnopravno;O
tranzicija;O
mesto;O
neprofesionalno;O
upleteni;O
dugove;O
februaru;O
prošlogodišnjim;O
tuzlanskog;O
kupu;I-misc
nesposobnosti;O
Igor;B-per
drugi;I-misc
rešenja;O
sanduka;O
posetioce;O
sednice;O
dogovora;O
Gruevskim;B-per
šestom;O
gostoljubivošću;O
potpunog;O
sazvana;O
I-GLE;B-org
uspostavljen;O
vestima;O
granica;O
avaz;I-org
potrošena;O
glasala;O
Bela;B-org
Fatboy;B-org
Narod;O
slojeva;O
Vladavina;O
srebrnih;O
Alisa;B-misc
Bertelsman;I-org
zdravlja;O
situacijom;O
Beogradu;B-loc
situaciju;O
približava;O
okupila;O
odbacili;O
100;O
jasan;O
terorističke;O
ličnu;O
Gagovski;I-per
izdaci;O
Haradinaju;I-per
intelektualci;O
bavio;O
Muzurović;B-per
potresen;O
Sufijskog;B-org
Dana;B-misc
žrtvom;O
sekretarijat;O
principima;O
Junis;B-per
kamioni;O
Đorđa;B-per
Mesić;I-per
Sokratisa;B-per
elementi;O
countdown;I-misc
Al;B-org
Blagojević;I-per
Ramiz;B-per
rezoluciju;O
modi;O
gvožđe;O
Italiji;B-loc
uličnog;O
posetu;O
Huseina;I-per
redu;O
blokirala;O
konflikta;I-org
godini;O
smanje;O
nedovoljne;O
od;O
neprihvatljive;O
Partenona;I-loc
preduzela;O
Acu;B-per
monetarna;O
Stonsa;I-org
svira;O
ponašaju;O
četvorice;O
sproveli;O
barijerom;O
konačnom;O
svestan;O
mešavinu;O
srpska;O
helensko;O
stranka;O
emiter;O
osnovne;O
švedski;O
Jedna;O
raspolažemo;O
porastom;O
specifično;O
zabavu;O
ubede;O
promenilo;O
post-privatizacije;I-org
elektroenergetska;I-org
razgovore;O
tražiti;O
IN-u;B-org
materijali;O
Velikoj;B-loc
Helenski;B-misc
bankovnim;O
Pre;O
Danilom;B-per
Buš;I-per
napravu;O
Kipru;B-loc
To;O
Misija;O
debitne;O
plan;I-misc
2009;I-misc
Gruevskog;I-per
375;O
ekstreman;O
Američki;O
Opasnost;O
fotografiju;O
Svinjare;B-loc
prostorije;O
održavali;O
beogradskom;O
čestih;O
Hrvatski;O
frustrirajućim;O
pojede;O
jarca;O
mlade;I-misc
sveobuhvatan;O
Rami;B-per
odložena;O
nečijeg;O
nude;O
dnevnik;I-org
Petkov;B-per
Košarkaška;O
Blogeri;O
zastarevanje;O
stručne;O
zadatak;O
upozoravaju;O
terorističkim;O
izvorskim;O
flore;O
Makedonska;O
prodata;O
jul;O
nacionalnih;O
13-5.;O
152;O
pravosuđe;O
naftovoda;O
odbrane;I-org
pametno;O
projekat;O
Georgijeve;B-per
prikupe;O
Ahmići;B-loc
postoje;O
ugrožavaju;O
izvršeno;O
Peres;I-per
obim;O
imunitet;O
konvoja;O
Rompres;B-org
naišla;O
njeno;O
imena;O
dokumentovane;O
Đorđe;B-per
partnerskih;O
ažurirane;O
povećao;O
mogućnostima;O
funkcije;O
okruženju;O
dugoročne;O
karnevalima;O
hrabrost;O
odbranu;I-org
glavama;O
Delavekuras;I-per
potpisanim;O
predlažući;O
ubrza;O
saradnika;O
održan;O
predsedavajući;O
450;O
Kampanju;O
sarađuje;O
teren;O
preduzimamo;O
Projektni;O
Postignut;O
Čekajući;O
prosledila;O
Akademije;B-org
Sedam;O
prodajući;O
opisujući;O
velike;O
Kornelija;B-per
Stripes;I-org
fudbalskog;I-misc
Palestincima;B-per
konstantno;O
Attack;I-org
Solunske;B-misc
Tokača;I-per
gangsterskoj;O
MŽB;B-org
odlučuje;O
energiju;I-org
priče;O
proizvodnji;O
Mirka;B-per
livenim;O
tajna;O
zameniku;O
Ulemeku;I-per
Mahdžupjan;I-per
skepsom;O
narodima;O
bloku;O
Ubrzo;O
Savet;O
Gunić;I-per
čin;O
koegzistencija;O
Crna;B-loc
Vord;I-per
33.200;O
izneta;O
suštinska;O
garancije;O
Takođe;O
Nenad;B-per
Čečeniji;B-loc
aerodrome;O
pokažemo;O
jugoistočne;O
ratni;O
Srpsku;I-loc
teškim;O
neobuzdana;O
Patroleum;I-org
Đelić;I-per
Miloš;B-per
vidova;O
uspela;O
Danas;O
15.;O
kanal;I-org
Orban;B-per
Tanov;B-per
Izlazeći;O
pripala;O
Veće;B-org
porediti;O
Jusufi;B-per
pijacu;O
zameniti;O
Strani;O
200;O
štetu;O
jugoistoku;O
nemiran;O
Izraela;B-loc
delgacijom;O
razumevanje;O
jednake;O
Kosovu;B-loc
pojavljivao;O
ekspanziju;O
naftovode;O
plati;O
pregovaračku;O
podignute;O
čuvamo;O
intervenisala;O
radioaktivnim;O
Keršov;I-per
policajac;O
zemlji;O
prihodima;O
otputovao;O
gastro-ezofagealnog;O
tehno;O
dokumentarni;O
levičari;O
polupala;O
statistika;O
Veliki;O
Rusije;I-org
Olimpijski;B-org
Pregovarački;O
studio;O
prevarama;O
službi;O
italijanski;O
izlaganje;O
zvala;O
Inga;B-per
privremeno;O
temperaturne;O
takozvana;O
vlast;O
parlamentarnom;O
robe;O
bliskoj;O
zakon;O
mogućeg;O
nadgledanje;O
bradu;O
dogoditi;O
od;I-org
rešeni;O
Kosovsko;O
ogorčen;O
konzervativne;O
Bukurešta;B-loc
privatnim;O
seoskih;O
plava;O
53-godišnji;O
reagovala;O
Ilegalni;O
Ti;O
izbacila;O
rodna;O
SSP;B-org
Bartoli;I-per
predstavljanje;O
socijalnoj;O
formiraju;O
Kancelarijom;B-org
između;O
Evropskog;B-org
dvodnevnu;O
Veliji;B-per
Rojters;B-org
odlučujuća;O
Izaslanik;O
poreze;O
zakonsku;O
nasilne;O
tražili;O
lakši;O
sportskih;O
Penzijski;B-misc
industrije;O
okolnih;O
levičarska;O
skup;I-org
Vojnom;B-org
Sarajevo-x.com;B-org
IT;O
Sovjetskom;B-loc
slobodne;I-org
optimističniji;O
gradonačelnica;O
Srbije;I-misc
proizvela;O
Basesku;I-per
posatio;O
ministrovim;O
Harisom;B-per
promenimo;O
gruboj;O
bile;O
opremu;O
Bernara;B-per
starosnih;O
koštac;O
premijerom;O
Podrška;O
miru;O
shvatam;O
bine;O
pojavila;O
trke;O
ostali;O
inicijative;O
snimak;O
Vei;I-per
Miruša;B-per
Kristenkom;I-per
poginule;O
grejanja;O
trenutni;O
podršku;O
namerava;O
2007;O
raspravlja;O
zastojem;O
pravo;I-org
američkog;O
arhitekte;O
osnivač;O
ribarenju;O
Čorojanuom;I-per
pretvorili;O
armija;O
libijskog;O
Obe;O
Održavanje;O
uvijeni;O
NATO-om;B-org
ujedinjenja;O
Suroija;I-per
naroda;O
Milijeta;B-loc
Nikolu;B-per
autoputa;O
kapacitetu;O
Rumijane;B-per
priznaje;O
Vilazona;I-per
Gejts;I-per
ostvare;O
nasledio;O
61;O
narkotici;O
ukinuo;O
izruči;O
carine;I-org
svirale;O
neslaganjima;O
bilateralnog;O
uklanjanju;O
izveštaj;O
nadgledao;O
Siderov;I-per
20.;O
razvodom;O
Duško;B-per
borba;I-org
izbegavaju;O
puteva;O
…;O
objavila;O
kinematografiji;O
bankarstva;O
irskim;O
Severni;I-loc
ogranke;O
osmišljenu;O
ilegalnom;O
aktera;O
Hapšenje;O
Karakačani;B-per
Trajkov;B-per
sedmu;O
Tirani;I-org
saveza;O
položaju;O
kontekstu;I-misc
Hadžinasto;I-per
kupca;O
nudio;O
sami;O
učinimo;O
trgovinom;O
Španije;B-loc
Odbora;B-org
trenutnog;O
Today;I-misc
Ove;O
lučku;O
Stojkovska;I-per
Traktor;O
ubicu;O
slavili;O
viđena;O
dodelila;O
ekonomska;O
ponovo;O
ustupku;O
napuste;O
dobilo;O
vrati;O
poslovnu;O
Barozo;B-per
Danska;B-loc
Vujanović;B-per
količina;O
preneo;O
kluba;I-org
herkulovski;O
životu;O
postane;O
Grčke;B-loc
raspravljaju;O
narušen;O
Zapatera;I-per
zdravstvenu;O
Ahtisarijevom;B-deriv-per
10.000;O
precizniji;O
organizatori;O
Lete;O
turniru;O
tablično;O
17.;B-org
postigli;O
28;O
gradnja;O
pregovara;O
Gruzijski;O
izabrala;O
definisana;O
obmanjuju;O
poslodavaca;O
produženje;O
bosansko-muslimanskom;O
Grupa;O
planu;O
mladim;O
zaboravili;O
sveobuhvatnu;O
raketnom;O
Sulejmana;B-per
deklarisanu;O
prekontroliše;O
principu;O
Kontroverza;O
prekršaja;O
prekršioci;O
izleči;O
Zlatni;B-misc
izručenje;O
uspešnom;O
usmeren;O
zasnovane;O
Sada;I-org
aparata;O
kartele;O
Nimicovih;B-deriv-per
generala;O
kreditiranje;O
doprinese;O
sistem;O
razvijati;O
evrointegracija;O
procenu;O
34;O
uticajne;O
objavio;O
trenutnih;O
profesiji;O
paniku;O
išao;O
finansiranju;O
Svedok;B-per
ovog;O
stranke;O
jasne;O
tapija;O
jugoistočne;I-org
nehuman;O
manifestaciju;O
razmeni;O
nerede;O
delima;O
žive;O
prave;O
dve;I-misc
shvatiti;O
4.10;O
softverskoj;O
Kajmanskim;B-loc
Osipov;I-org
krizom;O
Svečanosti;O
krivičnom;B-org
Aliju;I-per
baca;O
čekanju;O
Radovan;B-per
strukturnim;O
Zaposleni;O
odemo;O
Čeha;B-per
odgovornosti;O
Sloveniji;B-loc
predratne;O
pozvati;O
regionom;O
postanu;O
žalbe;O
roku;O
izmeni;O
6-4.;O
naredio;O
otmice;O
hteli;O
razlika;O
kandidatima;O
sastavu;O
Komšićem;I-per
Džavdžav;I-per
Osetiju;I-loc
utaja;O
domaćem;O
vežbi;O
prihvatim;O
očiglednom;O
etapa;O
Zemlja;O
zapadnu;O
suočiti;O
Tadić;I-per
Inicijativa;O
Volim;O
ljutita;O
ambasadori;O
najtalentovanijih;O
dijaspori;O
razmenjivati;O
prebačeni;O
sličnu;O
Srpsku;B-org
Bolana;I-per
odlučne;O
svojini;O
transakcijama;O
podržao;O
čitavog;O
uključim;O
procedure;O
obilaziti;O
svest;O
nedeljnik;O
isključivo;O
EPS-a;B-org
realnost;O
bugarsko;O
zategnuti;O
upornu;O
predstavljalo;O
Ekstremisti;O
vezanih;O
nadom;O
smanjen;O
pomažu;O
iduće;O
neupotrebljiva;O
monitoringa;O
bilateralan;O
dalju;O
situacije;O
mermere;O
posledicama;O
Ni;O
Emiratima;I-loc
zadrži;O
nastrojen;O
vodi;O
podacima;O
Migel;B-per
Tanir;B-per
zapliću;O
Pravosudnog;B-org
kupljena;O
dejstva;I-org
Stalni;O
multiplikativni;O
Zapadnog;B-loc
Jelašić;I-per
makedonsko;O
žude;O
klađenje;O
imaće;O
Čeku;B-per
patiti;O
centra;O
nadati;O
viši;O
suverena;O
Fenerbahčea;B-org
farmaceutskoj;O
fitosanitarna;O
kampanje;O
mađarski;O
Podsticanje;O
ovu;O
dužnosti;O
rečnih;O
opoziciju;O
Marović;I-per
pokazivale;O
spornog;O
interesi;O
Obnova;O
trag;O
zakucao;O
Rodrigeza;I-per
nasleđem;O
posmatrati;O
ostavljena;O
Crna;I-loc
civilizovanu;O
septembru;O
režim;O
sektoru;O
Ki-Muna;I-per
Jedan;O
presekle;O
uspostavljene;O
članstva;O
Zgrada;O
putujuću;O
nacionalistička;O
sloj;O
pokojnom;O
Ladena;I-per
Nimic;I-per
želi;O
stranačkih;O
bivšeg;O
Ana;B-per
otputuje;O
Haški;B-org
korak;O
obima;O
Sezer;I-per
siromaštvom;O
Travniku;B-loc
noći;O
Nazvana;O
nekontrolisano;O
legalizaciju;O
Latkovac;B-loc
iračkoj;O
jedinstven;O
sina;O
Nova;O
činjenične;O
manjina;O
grad;O
Mirčea;B-per
traci;O
karakteriše;O
britanske;O
Federacije;B-org
mladog;O
priobalnim;O
usamljen;O
More;I-loc
partnerstvima;O
grupom;O
Mlađan;B-per
tribunalom;I-org
trase;O
izazvale;O
Alfred;B-per
Unijom;B-org
Vojvodine;B-loc
posluže;O
demokratske;O
nedaćama;O
De;B-per
imitiram;O
Hupa;I-per
ime;O
ulažući;O
SDS-a;B-org
projekta;O
osobljem;O
prelazu;O
sredine;I-org
direktna;O
prijavili;O
preduzeća;O
ideji;O
nekim;O
Faruk;B-per
posledice;O
implementacija;O
Tanašeskua;I-per
ideologijom;O
Dumitru;B-per
desi;O
onako;O
studentima;O
odigrana;O
Đinđićevoj;B-deriv-per
Dinčev;I-per
završe;O
legalizacije;O
uravnoteže;O
nafte;O
Deda;B-per
destabilizuje;O
ulaska;O
radove;O
konkretnih;O
informacije;O
političare;O
aktivista;O
Božić;B-misc
orden;I-misc
ukazuju;O
stotine;O
naređenje;O
pozivima;O
Akcijskog;B-misc
potrošiti;O
preduzima;O
slediti;O
19;O
Partija;B-org
ruralnog;O
reagovati;O
svetu;O
studije;I-org
sociodemografskim;O
Spremni;O
radikalna;I-org
Šehu;I-per
popunjavanju;O
valutu;O
2;O
zabrinuti;O
strukturama;O
350.000;O
utaje;O
Solunu;I-org
odgovarao;O
komesarku;O
Ukazujući;O
Puls;I-org
junu;O
vrate;O
shvate;O
momentum;O
European;I-org
prema;O
Vasiliju;I-per
uzela;O
Organizovani;O
Sejdijevog;B-deriv-per
graničnom;O
iznos;O
obavezama;O
svoju;O
Uradiću;O
zaplašio;O
prehrambenoj;O
21.;O
krizu;O
Pharma;I-org
prenosa;O
posvećene;O
Kovačev;I-per
njihovo;O
okrenula;O
kontroverzu;O
međuvremenu;O
ribe;O
Rains;I-misc
Rasmusen;I-per
toaletima;O
društvenih;O
Siufas;I-per
mitingu;O
brza;I-org
planiranog;O
grupi;I-org
Krivična;O
zahtevati;O
Dijalog;O
najjača;O
postavljati;O
ujedinjenju;O
specijalizovanih;O
Crvenkovskim;I-per
psihološke;O
aspekte;O
Bilo;O
organizovani;O
Lagumdžijina;B-deriv-per
svesne;O
bostonski;O
Čedomir;I-org
kupac;O
kvalifikovala;O
prodala;O
konkurs;O
neprihvatljivo;O
visokim;O
vlasničkom;O
stvarima;O
završavanje;O
mučenja;I-org
piscu;O
Bamir;B-per
morao;O
udaljeno;O
smanjila;O
posmatračkog;O
suština;O
građana;O
ili;O
napusti;O
Ruski;O
pretnju;O
odmore;O
Balkansku;B-misc
Ilijana;B-per
uračunati;O
biće;O
broda;O
našeg;O
Sada;I-loc
ulazima;O
imamo;O
bude;O
spreman;O
prilika;O
pokretanju;O
vašem;O
jedinice;O
decenija;O
Hercegovine;I-org
kampanja;O
Tom;O
objavljena;O
Engdal;I-per
ali;O
prisustvo;O
doputovalo;O
širenja;O
mnjenja;O
Stojaković;I-per
koncerte;O
59;O
automobila;O
investirano;O
zahtevi;O
reformskim;O
zaplenjena;O
izbornim;O
kandidat;O
Advent;B-org
izabrati;O
Čomićka;B-per
Ulcinju;B-loc
boje;O
vladao;O
najbezbednija;O
ograničavanje;O
Verovatno;O
osumnjičeni;O
delova;O
Saudom;B-per
bosanski;O
savremene;I-misc
Taričeanuom;B-per
1991.;O
heroina;O
EU;I-org
efektivno;O
renoviranje;O
Vimbldona;B-misc
kritikuju;O
evroatlantskim;O
avionskih;O
proteste;O
informativnih;O
doprineo;O
palili;O
Zapadnog;O
modni;O
zaustavljanje;O
televiziji;O
Salford;B-org
specijalan;O
Sjedinjenim;B-loc
pokušajima;O
Važno;O
sekretarom;O
Grka;B-per
uvozne;O
paradi;O
Strajps;I-org
hleba;O
američkih;O
filmovi;O
postavio;O
pomoćnica;O
ukupni;O
jedinicu;O
ekonomskog;O
ratne;O
imovina;O
Hrvatica;B-per
Kjuzak;I-per
šestočlane;O
naložio;O
poslova;O
kupila;O
IAAF;B-misc
Milo;B-per
kažnjavaju;O
mogućnosti;O
Kusturica;I-per
kulturnog;O
potpuna;O
započele;O
karteli;O
južno;O
Parlamentarnoj;B-org
Buša;I-per
Sednica;O
opasan;O
obavestila;O
rundi;O
Sanaderom;B-per
utvrđivanju;O
časa;I-org
luku;O
bijenale;O
administraciji;O
ubistvo;O
azilu;O
izvodljivosti;O
reklo;O
njihovih;O
bio;O
ograničava;O
podneli;O
postao;O
pojačava;O
jednu;O
gradonačelnik;O
Univerzitetske;O
umetnička;O
poseban;O
jugoslovenskoj;O
olimpijska;O
uredbe;O
svedok;O
Stejdž;I-loc
Tokače;I-per
znaju;O
ogromnih;O
softver;O
procesom;O
najbolju;O
Dušanka;B-per
moraće;O
evropsko;O
sličnom;O
izrečene;O
spavaju;O
javlja;O
šlepovi;O
Karišika;I-per
Trenutna;O
predsedništvom;B-org
nameštanje;O
udarili;O
Kosta;B-per
trgovina;O
Analitičari;O
Krstić;I-org
Uliks;B-misc
pogodio;O
celokupna;O
vikenda;O
UDF;B-org
3.000;O
rukovodstva;O
izgradnju;O
poslovnika;O
obe;O
pogodile;O
harmonikama;O
pronašla;O
Albancima;B-per
zahvalio;O
izbeglica;O
nego;O
zaštite;O
Sve;O
Efrim;I-per
Vindovsu;B-misc
fleksibilan;O
privedena;O
vojne;O
smanjivati;O
Slovenačka;O
naznačene;O
punktu;O
Mihaja;B-per
LA;B-org
studiji;O
atrakcije;O
Hodžić;I-per
kompleksa;O
Šarović;I-per
ansambala;O
Zapatero;I-per
nasilje;O
četvrti;O
srede;O
osiromašilo;O
Podignute;O
11-godišnja;O
svega;O
svuda;O
izbora;O
JOK-a;B-org
Federativne;I-loc
Strano;O
Mene;O
problematična;O
kupiti;O
Maria;I-per
Visbadena;I-org
dugometražni;O
preduzimanja;O
Nano;I-per
analitičkog;O
motivisana;O
Madridu;B-loc
izuzetan;O
Braun;I-org
olakšica;O
sveobuhvatni;O
priznaju;O
Sajam;B-misc
ja;O
Svinarov;I-per
Kristalinu;B-per
285;O
nekada;O
glasne;O
poslovanje;I-org
svedoče;O
god;O
održanom;O
izašle;O
izborna;I-org
pesnik;O
Poverenje;O
Egejskoj;B-loc
Socijaldemokratskom;B-org
bivšu;I-org
pozitivni;O
Solomon;B-per
režimom;O
upravljanja;O
Jelašićevom;B-deriv-per
februara;O
Atinu;I-org
kampanju;O
Bedrana;B-per
ambasadora;O
sastati;O
Burgas;B-loc
Mrdak;I-per
nametanjem;O
operacija;O
navele;O
Dvadesetdevet;O
pokušali;O
sviđa;O
zatvora;O
izjavi;O
treći;O
SEECP;B-org
Najvažnija;O
temama;O
proizvode;O
recikliranje;O
Negotinu;B-loc
neaktivno;O
Frans;I-org
agent;O
Banat;B-loc
softverskih;O
fudbal;O
petu;O
svako;O
činom;O
ekonomiji;O
pružati;O
britanska;O
poslanik;O
evropsku;I-org
povezanih;O
primetili;O
ministru;O
predmeta;O
osumnjičen;O
sukobili;O
trend;O
Skoplje-Priština;B-misc
zemljom;O
Martija;B-per
naglašavanje;O
ubrzavanju;O
beleži;O
metala;O
Pojas;B-loc
dovelo;O
neporaženi;O
sruše;O
Đorđem;B-per
Izaći;O
Kofija;B-per
navodeći;O
ministrovu;O
žito;O
zavere;O
Haradinaja;B-per
formirana;O
Sretena;B-per
objasnio;O
smenjuje;O
delovale;O
FER;B-org
ujedinjenje;O
obećanja;O
zlato;O
maju;O
Mokaba;I-loc
potpisana;O
Lečić;B-per
azilante;O
emitovala;O
ekonomske;I-org
bugarska;O
naslovljenoj;O
razloga;O
pomoći;O
država;O
onome;O
Rosatoma;B-org
Fetboj;B-org
razume;O
Bajruša;B-per
znače;O
kupovinu;O
1936.;O
širim;O
jula;O
Oba;I-per
500.000;O
ubistava;O
pozivaju;O
1-6;O
odavno;O
Jugoistočne;B-loc
odlazeće;O
biro;O
pravdu;O
telefonskog;O
fundamentalna;O
ispalio;O
brodogradilištu;O
ljubavna;O
Gazeta;B-org
Trinaest;O
autonomiji;O
uvodu;O
novčić;O
mržnja;O
Moskvi;B-loc
Li;I-per
frižidera;O
Iseni;I-per
Hercegovinom;I-loc
zainteresovane;O
OEBS-a;B-org
vremenskih;O
6-7;O
škola;I-misc
projektima;O
pravosudnom;O
Trajanom;B-per
165;O
Rehagel;I-per
pohvaljene;O
Muzeja;I-org
ženska;I-org
izazova;O
Secure;I-misc
izdatom;O
ponašamo;O
osigura;O
tenzije;O
neslaganja;O
Islamom;O
izloži;O
Putnički;O
viđeno;O
Sporazum;B-misc
Milenov;I-per
narkotika;O
oslobodila;O
Topić;I-per
Alfa;B-org
Manipulisanje;O
pale;O
reforma;O
uzrokovala;O
Ulovi;O
brdovitom;O
savršenosti;O
FIS;B-misc
Gabriel;B-per
smrtnosti;O
osude;O
Kasa;I-per
Moraće;O
kretanjima;O
šampiona;O
ispuni;O
sanduke;O
oštećene;O
saudijskog;O
jezika;O
3.;O
opslužuje;O
nezamenljivom;O
planina;O
radili;O
vilenjakom;O
višedecenijske;O
mladosti;O
prevazišle;O
medijskom;O
južnoj;O
Kosor;B-per
Madrida;I-misc
držala;O
omogućila;O
Lazarevića;I-per
EP;B-org
okruženja;O
Mladenov;I-per
Cox;I-per
neodređen;O
promenio;O
pravnom;O
industrijskih;O
reše;O
izbornoj;I-org
Atek;I-org
postrojenja;O
pratiće;O
pijaću;O
kišnih;O
Plevenu;B-loc
premijerka;O
ministarska;O
špediterskih;O
padavina;O
Briselu;B-loc
Alkalaj;B-per
neophodna;O
uslov;O
kopnenim;O
korupcija;O
isplaćene;O
nadvožnjaka;O
pokrenula;O
Četvorka;B-org
putovati;O
Trenutno;O
Poposki;B-per
liberalnu;O
nikakvo;O
kolegu;O
potopili;O
poeni;O
Rehagela;B-per
Ratka;B-per
objavljen;O
pozajmila;O
razmišljanja;O
glasa;O
dužničkih;O
Pasi;I-per
utvrdi;O
Ardijan;B-per
Kapije;B-loc
zamišljati;O
pridružile;O
uhapsile;O
ikakvih;O
Šverc;O
aprila;O
Kurira;B-org
diplomatski;O
tunela;O
umetnika;O
groblju;O
zagađenja;I-misc
nafta;O
uvoza;O
prošlogodišnju;O
katoličke;O
CHP-a;B-org
Merlin;B-per
823;O
Svetskog;I-misc
dive;O
prenategnutosti;O
početku;O
državna;I-org
Morana;B-per
Pravosudni;O
Srbija;B-loc
svojim;O
načelnik;O
nivoa;O
preventivnih;O
pitan;O
Stefana;B-per
spoje;O
gigant;O
demokratije;O
sastaje;O
Mašić;I-per
počivalo;O
Gruziju;B-loc
šire;O
predstavnik;O
vode;O
Kromenakera;I-per
železnica;I-org
lakše;O
Bramerc;I-per
Travnika;I-org
promenili;O
kartica;O
digne;O
trenda;O
Leposavić;B-loc
Fuer;I-per
e-mailom;O
Milenković;B-per
primoran;O
petoj;O
55.000;O
duguju;O
nagrade;O
požurivati;O
strateškim;O
Realistično;O
Činimo;O
izbore;I-org
Prendergast;B-per
kratkog;O
Burkaj;I-per
vođom;O
Ozak;B-per
Američkog;B-org
blogove;O
portivi;O
propustila;O
otpad;O
Enis;B-per
predsednice;O
Kampanje;O
obrnuto;O
oslobađajući;O
tinjao;O
odlučeno;O
kartom;O
apelovao;O
Nišani;I-per
manjine;O
pravedna;O
urbani;O
fonda;O
postigla;O
predlažu;O
učvršćuju;O
akteri;O
Setimes;B-org
promovišu;O
Britanskom;B-org
umiri;O
kompanijama;O
prvobitnih;O
prečišćavanje;O
reprezentacija;O
tužene;O
severa;O
neidentifikovana;O
Španski;O
dažbine;O
gleda;O
kreator;O
zaštitila;O
Vasilakis;B-per
bliskoistočnih;I-org
konsaltinga;O
Odbio;O
drugima;O
moćni;O
Skoplju;I-org
švajcarskog;O
nagradu;O
ćutnju;O
severoistoku;O
Borjane;B-per
profesora;O
slabosti;O
vozačkim;O
pregovaram;O
kozlića;O
hemijsko;O
potrepština;O
zahvatile;O
ekspertska;O
jedne;O
igra;O
diplomatija;O
trgovine;O
Dvadesetsedmogodišnja;O
postera;O
uložila;O
triliona;O
odbor;I-org
novinarstvo;I-org
preopterećeni;O
trudnoća;O
Morinu;B-per
navikli;O
Tot;I-per
generalni;O
demokratiju;I-org
pobegla;O
Centar;O
neodređenih;O
smiri;O
inspiracija;O
Branom;O
mešovitih;O
kreirao;O
praktična;O
odlučila;O
snimljen;O
sloju;O
nedavnim;O
modernijem;O
Prisustvovala;O
obeleže;O
promovisanje;I-org
bliski;O
Trajkovski;I-per
lozinka;O
Drugim;O
prebaci;O
Galeb;B-misc
iznosa;O
uzrokujući;O
večna;O
kvon;O
obradu;O
tursko;O
osnovala;O
Dinkić;I-per
pravično;O
pljuskovi;O
Živanović;B-per
izdvoji;O
operatera;O
Mecu;B-loc
nezaposlenošću;O
Obećavajući;O
uzajamno;O
Grdešić;I-per
postala;O
milijardu;O
transporta;O
obilazi;O
silovao;O
30.;O
put;O
društvu;O
Mora;I-loc
instalirale;O
standarda;O
Želeve;I-per
aplikacija;O
poljoprivrednih;O
omogućava;O
pritisak;O
američkom;O
Rosin;I-per
nacionalni;O
jasno;O
Islama;O
počne;O
povezane;O
tako;O
Goru;I-loc
pljačke;O
Aktiva;B-org
Premijer;O
zločine;O
Bojana;B-per
rukuje;O
Očekuje;O
bekstva;O
Petorka;O
članice;O
znatna;O
proteklih;O
donet;O
Tradicija;O
sprovođenja;O
komiteta;O
Gest;O
utirući;O
Barenboima;I-per
Gradonačelnik;O
saopštilo;O
Britanije;I-loc
savesti;O
regulatornog;O
Očekivalo;O
Kosovo;B-loc
datume;O
Osnovni;B-org
Domaćinstva;O
organizovali;O
boljem;O
nemamo;O
prednjim;O
otuđi;O
ukazujući;O
uređivačku;O
metodi;O
kanalu;O
Vladimir;B-per
planirane;O
prihvate;O
dobrodošla;O
fiksne;O
funkcioner;O
toplo;O
tužilaštva;O
Rama;B-per
lezbejskog;O
mesec;O
okolnostima;O
digitalnih;O
Đinđiću;I-per
otcepimo;O
ponedelljak;O
Njihova;O
Sofiju;B-loc
represivniji;O
generale;O
molbu;O
Kritičari;O
parnici;O
pored;O
militantni;O
otac;O
šef;O
metali;O
Kuneva;I-per
ulovi;O
modna;I-org
slikarke;O
ga;O
Nikolaj;B-per
Jedno;O
potrebni;O
Zelenih;B-org
on;O
osudi;O
ankete;O
rezolucija;O
Genci;B-org
Sejdiju;B-per
venčanicu;O
Grčka;O
Oči;O
plodno;O
Ahernom;I-per
blogerima;O
ponedlejak;O
Zemunu;B-loc
poslanice;O
tvrdnje;O
nastojanja;O
nestalne;O
koordinacije;O
prikupljaju;O
nemačkog;O
novčanice;O
godišnji;O
uverenja;O
slobodnoj;O
Papanikolau;I-per
isplate;O
Erogul;I-per
kilograma;O
konferenciju;O
foklorne;I-org
Potrebno;O
Pežo;B-org
Vučković;I-per
teritoriji;O
Novog;B-loc
Slovenijom;B-loc
koristile;O
ćebad;O
Kursad;B-per
datiraju;O
Stub;I-per
zapošljavanja;O
Kutrumanidiju;I-per
obazriviji;O
Belena;B-loc
Sledeća;O
izglasana;O
govori;O
podeljenom;O
obećala;O
Serž;B-per
prihvatili;O
zavisiti;O
preventivne;O
Advokat;O
odigrano;O
sir;B-per
socijalno-ekonomska;O
Tuzle;B-loc
preteran;O
koridor;O
Pravosudni;B-org
40-godišnjoj;O
Ima;O
njima;O
odbacio;O
Predsednik;O
uložene;O
jedinjenja;O
Postoje;O
pravda;O
Vodeće;O
uputila;O
kurdske;O
našao;O
čoveka;O
Lin;B-per
životima;O
trvenja;O
figura;O
Peri;I-per
podizanje;O
provokaciju;O
Demokrate;B-org
upisana;O
Ntockas;I-per
Mustafa;B-per
kompaniji;O
sestre;O
godišnjice;O
trinaest;O
nastale;O
planirana;O
Italija;B-loc
zajmu;O
inflacijom;O
trajanju;O
Japom;B-per
potpunu;O
pravu;O
sastanu;O
državne;I-org
Člana;O
globalna;O
saobraćaja;O
Makedonci;B-per
Gendžlerbirligija;B-org
slučajeve;I-org
suočavaju;O
logičnu;O
odustajanjem;O
elektranu;O
Nacionalnog;B-misc
vodećem;O
';I-misc
Balkanom;B-loc
prvenstva;I-misc
luka;O
izneli;O
pripremiti;O
Ta;O
rastvora;O
Ramkovskog;I-per
očekujemo;O
Raluka;B-per
Žarku;I-per
počiniocima;O
zasecanja;O
ugovorne;O
skup;O
Pirotu;B-loc
nezavisnost;O
istaknuti;O
konsenzusom;O
Pekušić;I-per
kosovskog;O
školu;O
Proces;O
konzorcijuma;O
naloženo;O
direktorka;O
Pedeset;O
Burov;I-per
stopom;O
nadahnutu;O
vize;O
raširene;O
Američkim;I-loc
52;O
dima;O
investicionog;I-misc
privatnosti;O
preostalih;O
Zelenović;I-per
bosanskim;O
Kulturno;B-org
čeličnom;O
iscrtavamo;O
festivalskih;O
preispituju;O
po;O
oslabile;O
AP;B-org
Pema;O
Državnoj;B-org
nekompatibilno;O
ključnom;O
socijalnu;O
režisera;O
jedino;O
zbližavajući;O
uveravanja;O
publika;O
najneslobodnija;O
Hamid;B-per
svojevrsni;O
i;I-loc
učestvovala;O
carinskih;O
Nisam;O
Renove;B-deriv-per
zaveri;O
bombom;O
javne;O
usmerena;O
podržati;O
zabrinjavajućeg;O
izgradimo;O
Veoma;O
finansirati;O
Kosovo;I-misc
insekata;O
naredi;O
uvoznika;I-org
takozvanog;O
Sadašnji;O
nacije;O
planirano;O
odlaganja;O
idemo;O
stvaraju;O
Sosijet;B-org
diktatoru;O
Špend;B-per
Vasiliki;B-per
običnim;O
ekipa;O
radimo;O
vladinog;O
miroljubivom;O
Demonstracije;O
suživot;O
neuspeh;O
đubrenje;O
Hancestiju;B-loc
moramo;O
Slažući;O
antisemitizmu;O
menadžment;I-org
nagovešteno;O
otkrila;O
kvalifikacijama;O
podstaklo;O
Projekat;O
ekonomije;I-org
ruskih;O
Ivanovu;B-per
Evropskom;B-misc
Vanhanen;I-per
parlamenra;O
primarni;O
zoni;I-loc
priznale;O
usporavanju;O
stava;O
sa;I-org
sastanaka;O
ka;O
Moldavije;O
akumulacionog;O
porodicama;O
oktobru;O
Velčev;I-per
pretvore;O
atletskom;O
Članstvo;O
domove;O
snažno;O
izazovima;O
odobravanje;O
Mikro;O
narodna;I-org
sindikata;I-org
bolnicu;O
otkrili;O
tiraniju;O
misiju;O
pristupu;O
troje;O
sadašnjost;O
Dijana;B-per
upoznata;O
Basesku;B-per
bezbednosti;I-org
vanrednim;O
sat;O
kurdskog;O
Bakojanis;B-per
terorizma;O
Strazburu;B-loc
Rumuniji;I-misc
analize;O
izraza;O
prenosi;O
civilno;O
istražitelji;O
puna;O
friza;O
Moramo;O
misli;O
područjima;O
mito;O
Dimitar;B-per
četvrtog;B-misc
likvidaciju;O
Međunarodni;I-misc
zgrada;O
izvezlo;O
muzičara;O
Sagir;I-per
stotinak;O
Felix;B-per
kulturnih;O
barikada;O
dozvolimo;O
Gaši;I-per
eliminacijom;O
usporila;O
demagozi;O
dugim;O
kroz;O
ocenama;O
profit;O
56;O
sredini;O
srebreničkom;O
vesti;O
Toni;B-per
Manuel;I-per
preskočila;O
artikala;O
Kosorova;B-deriv-per
tumače;O
Ijan;B-org
Prethodno;O
planiranim;O
investira;O
delo;O
uđu;O
Odboru;B-org
poziraju;O
turistička;O
Majkrosoftovih;B-org
strane;O
pravimo;O
Čuvena;O
Stav;O
trajao;O
teroristička;O
Đorđevića;I-per
zajedničkog;O
Porazom;O
cirkusom;O
emituju;O
angažovan;O
EUSR;B-org
zavisiće;O
dogradnje;O
dnevnog;O
Kauen;B-per
prijavi;O
ohrabruje;O
počinjeni;O
tim;O
ući;O
informacija;O
klađenja;O
anketi;O
ministara;O
ambasada;I-org
nesreća;O
travnato;O
zabeležio;O
Sovjetski;B-misc
Katića;I-per
zabrane;O
Judžin;B-per
urade;O
zastupljene;O
spoj;O
Evenimentul;B-org
Jusufi;I-per
ribarenje;O
opravdaju;O
Bjorkmana;I-per
otpustiti;O
izaslanikom;O
procedura;O
Direktor;O
obučenih;O
Šutanovac;I-per
Petru;B-per
Izrael;B-loc
kritikujući;O
nespretno;O
približi;O
most;I-loc
nikada;O
Prethodne;O
javnih;O
osnovnoj;O
napadu;O
sporta;O
Kristofom;B-per
dospeo;O
obezbedila;O
pokreću;O
Ekselu;B-misc
susedi;O
izvršni;O
bilborde;O
Druga;O
pozitivan;O
pokrenuta;O
osoblja;O
8;O
evropske;O
potapanjem;O
sarađivao;O
duge;O
Svetozarom;B-per
drevnog;O
Miloševića;B-per
duguje;O
Srbima;B-per
Srebrenice;B-loc
kopija;O
Mark;B-per
saveznike;O
raspala;O
skinuli;O
napora;O
Analysis;I-misc
podrazumevao;O
dnevniku;O
propisana;O
ispao;O
Lukuća;I-per
zaštitom;O
sam;I-misc
bugarski;O
Nikolić;I-per
timom;O
zvaničnike;O
270;O
Tog;O
promene;O
dodatno;O
uništavaju;O
potpisivanje;O
osnovane;O
auditorijum;O
napominju;O
pakovanja;O
sada;O
istragom;O
fudbalske;I-org
važnom;O
rejting;O
saradnje;O
poslati;O
Parada;B-misc
gradilištu;O
Pa;O
šengen;B-misc
Kosova;B-loc
tajne;O
građane;O
emigranti;O
(;B-per
energetska;O
efektivni;O
narod;O
istraživanja;I-org
Zagrebu;B-loc
nastavljam;O
usporavanja;O
Olaru;I-per
koncerata;O
sopstveni;O
ugla;I-misc
skandal;O
rundu;O
vekne;O
Atanas;B-per
istraživača;O
ostalih;O
Letnica;B-loc
zalažu;O
stoke;O
autokratska;O
Ministarski;O
daleko;O
duh;I-misc
proizvedu;O
protivljenja;O
Države;I-loc
značio;O
desničarske;O
dužnost;O
šefom;O
Holivudski;O
apsolutnim;O
uređaje;O
Željkom;B-per
borba;O
rizik;O
zamenikom;O
nelegalne;O
poslovnoj;O
Tabanovcima;B-loc
deoničare;O
saobraćaju;O
Split;B-loc
artifakti;O
manjinsko;O
tajming;O
pakt;O
Festival;B-misc
nadjačalo;O
reformista;O
Behrakis;I-per
sprortista;O
događaja;O
otvore;O
Saveznici;B-org
kolumnista;O
aranžmana;O
1994.;O
ublažavanje;O
umrlom;O
rušiti;O
omogućiće;O
preti;O
polju;O
ulaganja;I-org
budžetskih;O
Bašar;B-per
zaključuje;O
UN-ov;B-org
teritoriju;O
Puhalo;B-per
Baret;I-per
službenika;O
bivša;O
domaćih;O
organizovanog;O
konceptu;O
svetlih;O
pravo;O
viznog;O
drumski;O
SDSM;B-org
Đinđića;B-per
izvlačenja;O
različite;O
olakšati;O
Simić;I-per
argumente;O
ubistvu;O
Dragica;B-per
pogodnosti;O
Velike;B-misc
adekvatnih;O
robusne;O
policijske;I-org
Sofiji;I-org
iznosila;O
Francuske;B-loc
vrši;O
infrastruktura;O
naoružane;O
ishod;O
gledalaca;O
Hercegovine;I-loc
dogodile;O
postavljeni;O
Oto;B-per
počele;O
najboljeg;O
značajniji;O
Fijerze;B-loc
Jovoviću;I-per
izmene;O
više;O
smanjiti;O
atentatom;O
Vojnici;O
TDA;B-misc
naselju;O
Jaldžinkaje;B-per
krvoprolića;O
Sportisti;O
Vlade;B-per
Slobodne;B-org
učestvovali;O
okruženje;O
investitor;O
saradnik;O
SMURD;B-org
delati;O
upala;O
romske;O
oprašta;O
naše;O
škole;O
završiti;O
egipatskog;O
Vladimira;B-per
hrvatski;O
Isaja;I-per
petka;O
nemuslimani;O
beskompromisniji;O
kažu;O
mirno;O
Konkurs;O
Trajao;O
koga;O
uslužnim;O
zaključio;O
Ahtisarijevim;B-deriv-per
formacija;O
renomirani;O
prodavca;O
Evropljanin;B-per
Mladić;B-per
CHP;B-org
premašivao;O
Izjava;O
Tofer;I-org
Mađarske;B-loc
Federaciji;B-org
Prijateljska;O
gimnastičarka;O
reakciju;O
Potrebne;O
Odlazeći;O
činovnici;O
Udre;I-per
stvarnom;O
Broza;I-per
prerasle;O
muftije;O
Fredrik;B-per
rizikuju;O
aktivisti;O
Algemajne;I-org
republikanski;O
igru;O
nadolazećih;O
uniju;I-org
Naimova;I-per
Potpredsednik;O
govoru;O
samita;O
Koliko;O
Milčo;B-per
Radovanović;B-per
hvatanje;O
fokusom;O
kompetentnost;O
prioriteta;O
Pravno;O
Sarajevu;I-org
Metjuom;B-per
stavovi;O
Džonom;B-per
potpredsednica;O
autonomiju;O
ubice;O
skorijim;O
Medijapul;B-org
izreku;O
gonjenju;O
Tbilisija;B-loc
ul-Adha;I-misc
Borisova;I-per
detalja;O
problema;I-misc
petogodišnjeg;O
stranih;O
operskom;O
kojem;O
Za;O
iskustva;O
reformske;I-org
podrže;O
propast;O
Parfene;B-per
skoru;O
nadgledala;O
idejama;O
osnova;O
odredbi;O
izloženi;O
Luković;B-per
agenti;O
primoralo;O
nezaposlenost;O
obzir;O
akademije;I-org
vizom;O
Morinu;I-per
smeni;O
Dačić;I-per
skelet;O
eksplicitno;O
demokratizacije;O
Cro-a-Porter;B-misc
kompaniju;O
nekonvencionalnih;O
Del;I-per
Revizorske;B-org
oslonac;O
Hippy;B-org
susednim;O
Morinino;B-deriv-per
privedene;O
strana;O
ređi;O
korita;O
misijom;O
Fabio;B-per
Balkana;I-loc
kongresa;I-misc
predstavljaće;O
odsto;O
Trajkovskog;I-per
Berberoglu;B-per
glasati;O
civilizacija;I-org
socijalističkoj;O
gledaoce;O
sopran;O
Gora;I-loc
40;O
manjinu;O
zasnovan;O
Crnogorska;O
manifestacije;O
napustiti;O
ovlašćeno;O
neugodno;O
vlasništva;O
pokretač;O
bušenja;O
Hladnog;B-misc
pretvori;O
ekstremnog;O
pročitana;O
96;O
Dablinom;B-loc
Svetlina;B-per
novac;O
Zagreb;B-loc
najvažnije;O
prevezu;O
većeg;O
analitičara;O
Plašim;O
potrebne;O
informativna;I-org
najteža;O
nam;O
Fehmijuu;B-per
osumnjičenog;O
alge;O
čulo;O
niska;O
istraže;O
reda;I-org
potisnuta;O
okrivljuje;O
napori;O
Ozak;I-per
umetnost;I-org
dovela;O
obrazuju;O
angažovale;O
Dilara;I-per
kultura;O
upotrebe;O
civilizacija;I-misc
sada;I-loc
30.000;O
Korak;O
federacija;O
--;I-misc
nasuprot;O
podsticanje;O
izrazili;O
Arus;B-per
Tanasis;B-per
FIFA;B-org
pokazati;O
zadatke;O
najuglednijih;O
harmonizaciju;O
pati;O
Velčevu;I-per
deoničarskog;O
Pres;I-org
Bugarske;I-org
zvanične;O
Buse;B-per
umetničke;O
slabi;O
dala;O
42;O
šalje;O
spekulišu;O
selima;O
ilegalno;O
ultranacionaliste;O
neprocenjiv;O
direktor;O
slabom;O
Orban;I-per
Georgi;B-per
prijemu;I-misc
voljni;O
ponekad;O
novoprosirene;O
postojao;O
Rezolucija;B-misc
zahtevajući;O
Moldavska;O
istanbulska;O
bi;O
podržavamo;O
kolapsa;O
agenciji;O
uticali;O
širi;O
paranoja;O
pokretom;O
najverovatnije;O
kantri;O
Rezoluciju;O
Muslimanska;O
doneće;O
izbio;O
garderoba;O
izvozne;O
moguće;O
komunizmom;O
uspostavimo;O
Francuza;B-per
Ališu;I-per
staroj;O
radnik;O
Pasi;B-per
izuzetno;O
otpremi;O
komplikovanje;O
fosfornih;O
Kalojan;B-per
razgovaraju;O
Koštunicu;I-per
sutrašnji;O
150;O
2004.;O
demokratska;I-org
ambasada;O
obale;O
puštala;O
Ivica;B-per
šećernoj;O
političko;O
ponovi;O
završim;O
Rumunije;I-org
Zvezdan;B-per
Ceco;I-per
Predrag;B-per
organizovane;O
smisla;O
Svakog;O
Litvanije;B-loc
Nafta;O
loptu;O
Vlašić;B-loc
tiraž;O
pogodno;O
5.58;O
glavom;O
puzajućeg;O
važnih;O
ostvari;O
predloži;O
budžetom;O
Sjedinjenih;B-loc
Demokratija;I-org
različito;O
interventne;O
ILF;B-org
spas;I-misc
privatizacioni;O
jesam;O
dohvat;O
ukazao;O
PSSE;B-org
vodenog;O
rastera;O
pojačana;O
svrhe;O
povećanjem;O
poplavljeno;O
na;O
monetarnu;O
bacanje;O
ministarstvom;O
Nedelja;B-misc
Kapiji;I-loc
zadužila;O
inovacije;O
koordinaciju;I-org
komadi;O
Salcburgu;B-loc
nadimkom;O
poveća;O
jermenska;O
Evro;B-misc
Nepostojanje;O
pasus;O
doselila;O
sastala;O
godišnjom;O
životinje;O
Mraza;I-per
Dogovori;O
kulturni;I-loc
Borovo;B-loc
berze;I-org
punog;O
zapadnim;O
mnoštvom;O
naftne;O
Najveća;O
leto;O
mnogim;O
impresionirani;O
1998.;O
obnovila;O
predvođene;O
haosa;O
apelacionih;O
tešku;O
truda;O
dozvoliti;O
oprostiti;I-misc
starosne;O
romskoj;O
novorođenčad;O
Prelazni;O
proteže;O
radikalnu;I-org
Bar;O
budućnosti;I-misc
Savet;B-org
pojašnjenja;O
HDZ;B-org
minimumom;O
odreda;O
radio;I-org
kišne;O
PAOK;B-org
2002.;O
entiteta;O
Odluka;O
fraza;O
narode;O
pristane;O
aktivnosti;O
dozvoli;O
pregovori;O
ozloglašeni;O
pa;O
UN-u;B-org
Easy;B-org
strahuju;O
potpisivani;O
reviziju;O
uništiti;O
konj;O
2010;I-misc
pravna;O
obični;O
američkim;O
Gruevski;B-per
izloženih;O
raskinula;O
Crnogorce;B-per
oštetila;O
razmotrio;O
stanovnica;O
naoružanje;O
Nacionalnog;B-org
polufinalista;O
gastroenterolozi;O
proročanska;O
vidim;O
većinu;O
uteha;O
pozajmljivanja;O
generalne;O
Ligi;I-misc
vezana;O
Međunarodna;O
najbogatijih;O
Jedanaest;O
igranom;O
primorala;O
zemlje;O
domaće;O
komisija;I-org
ostalog;O
515;O
obavljajući;O
Nepisani;O
privukla;O
fokusira;O
visokog;O
Hasan;B-per
Arsim;B-per
karakteristike;O
rezolucije;O
opštim;O
drugačija;O
zaplenjenih;O
Slivena;B-loc
Obraza;B-org
korene;O
mirne;O
Daf;I-per
šesta;O
istu;O
abortuse;O
Mesi;B-per
bankama;O
mosta;O
činjenice;O
Tadićevi;B-deriv-per
ekonomska;I-org
Zajedno;O
Počasnu;O
impresionirala;O
državnosti;O
Uticaj;O
vehabijskog;O
gledaocima;O
šišarki;O
nimalo;O
protokolom;O
argument;O
težina;O
priznati;O
knjiga;O
Poljski;O
uključivao;O
saradnicima;O
revizorske;O
sportskom;I-loc
reklamiraju;O
optuženih;O
definiše;O
Grupe;O
zloupotrebljen;O
prevaziđemo;O
suverenitet;O
nazvala;O
prodajom;O
veze;O
Liban;B-loc
Fejsbuk;B-org
blogeri;O
Srbijom;B-loc
naredbi;O
glavnim;O
Čekua;I-per
Bosance;B-per
200.000;O
uvučeni;O
polomljeni;O
informisala;O
Međutim;O
barela;O
diktatorskim;O
investicijama;O
sused;O
Oblast;O
unapređivanja;O
Mirko;B-per
Volen;B-per
novinarima;O
vešanje;I-misc
Roše;I-per
karijere;O
nakon;O
izvešteno;O
slaba;O
Efendija;O
vam;O
uniformi;O
navodnih;O
Kušner;I-per
upija;O
okolne;O
najsigurnijih;O
mešali;O
saučešće;O
Džaferija;I-per
TV;I-org
kvalifikacija;O
dobija;O
Martin;B-per
otvaranja;O
odboru;I-org
nepostojanje;O
izveštaja;O
Generalštaba;I-org
Ivanov;B-per
izrazio;O
mnoštvo;O
fotografije;O
87;O
najvećem;O
odsvirali;O
2007.;O
glavnom;O
skijaš;O
potkrepe;O
Dobre;O
mir;O
grob;O
osamdesetih;O
Kitom;B-per
Koreje;I-loc
stvarni;O
dodatne;O
povećalo;O
vredna;O
zaključke;O
kurdskih;O
naučila;O
moderne;O
saznaju;O
Špirić;I-per
Papandreu;B-per
potvrdi;O
Južne;B-loc
verziju;O
Topi;I-per
stavljena;O
Bugarske;B-org
osnovao;O
Balaj;I-per
prethodnog;O
autoput;O
akreditive;O
korisnim;O
krugu;O
Koalicija;B-org
snose;O
čezne;O
Rilindija;B-org
preduzetnica;O
za;I-misc
prežive;O
ustavnom;B-org
vođenja;O
prekršaj;O
pomoglo;O
Bukureštu;I-org
pripremaju;O
uspostavljanje;O
obrazovanje;I-org
apsolutno;O
staljinizam;O
radne;O
dnevnice;O
poštovanje;O
Tačijem;I-per
profesorske;O
podmladaka;O
Ranije;O
otkriven;O
rad;O
Malo;O
kafeu;O
predstaviti;O
praksa;O
dijalog;O
internetu;O
Kadare;B-per
aktiviraju;O
morate;O
Koviljači;I-loc
nivo;O
5.000;O
programi;O
potvrđene;O
Nacija;I-org
Romeda;B-per
Zorica;B-per
postignu;O
odbačena;O
pripadnost;O
kupatila;O
Jadranskog;B-loc
u;I-loc
porasle;O
potražnja;O
Vajt;B-org
odbrambenog;O
ostvarivanja;O
monopolistički;O
Drašković;I-per
Orhan;B-per
blagoslovima;O
glatko;O
tvrdim;O
Liberman;I-per
otišla;O
maslinovog;O
bilateralnu;O
nereda;O
manastir;O
Lemijerom;I-per
Mustafa;I-per
Vimbldonu;B-misc
razornu;O
optuženičkoj;O
znak;O
Atinu;B-loc
ozbiljna;O
švedsku;O
nedobijanja;O
Komšić;B-per
grejs;O
sloma;O
Ljubica;B-per
izabrali;O
Chevron;B-org
deci;O
izvrgnute;O
Topijem;I-per
procesa;O
reﬂuksnog;O
Eduard;B-per
vreme;O
Vilijem;B-per
procese;O
porasla;O
borbu;I-org
Tipsarević;I-per
fer;O
podređeni;O
Nike;I-loc
moldavski;O
pregovaračima;O
bezbednost;O
Zlostavljanje;O
hipoteku;O
povodom;O
odličnog;O
Pop-Lazić;I-per
Puhalo;I-per
austrijske;O
proda;O
prikazani;O
suštinskog;O
Ministarstvo;B-org
očekivalo;O
najizolovanijom;O
podigao;O
poštom;O
Ćančeti;I-per
prehlade;O
sala;O
predlogu;O
pogođenim;O
Savetu;B-org
KFOR-a;B-org
nešto;O
Ključ;B-misc
D;I-per
mera;O
uperio;O
posmatrači;O
nazadovanje;O
bin;I-per
ukotvljen;O
novembra;O
bande;O
socijalne;I-org
održala;O
rezultirali;O
postavljenja;O
potrošnje;O
prevrata;O
Genc;B-per
etnički;O
ključni;O
zatvorskog;O
gest;O
folk;O
Nobelove;I-org
zvati;O
međusobnim;O
vakcina;O
konvenciji;I-misc
Vasil;B-per
Benedikta;B-per
ugostio;O
roba;O
granične;O
prinuđenoj;O
ograničen;O
osobom;O
Iako;O
suprotno;O
predsedniče;O
demokratičnija;O
Procenili;O
Tunisa;B-loc
hirurzi;O
zajednički;O
zastavom;O
Viktorom;B-per
iskoristi;O
tajnim;O
mesne;O
odobrio;O
Kini;B-loc
zabeležile;O
Aktar;I-per
1.700;O
odbaci;O
omladine;I-org
ombudsman;O
seriji;O
Vetevendosju;B-org
Vojska;B-org
činjenicu;O
ućutka;O
Krušu;I-loc
Mirča;B-per
sklopu;O
ekonomiju;O
Kriminološkog;B-org
korporativne;O
kontroverzni;O
pohađaju;O
Kosor;I-per
mermera;O
povraćaj;O
pominje;O
slatkiša;O
poštuju;O
uvoz;O
prestonica;O
neću;O
Ali;B-per
najniži;O
posredovanje;O
šireg;O
rival;O
zakonodavne;O
ideala;O
Valkanovska;B-per
federalne;O
vremenom;O
Režiser;O
kult;O
molitvi;O
timovi;O
upotpunjen;O
utrt;O
Trebinja;B-loc
Istovremeno;O
Petrov;B-per
Švajcarske;B-loc
komentator;O
Aziju;B-loc
graničnog;O
kategorizovan;O
postati;O
direktora;O
seli;O
lidere;O
Evropa;B-loc
učinila;O
autentičan;O
hrane;O
proglasi;O
licencirane;O
gitaru;O
brod;O
Holandska;B-org
Lukić;B-per
približilo;O
Aldo;I-per
poslednje;O
ekonomisti;O
tentativni;O
novinara;O
otvaranje;O
zalagala;O
Nirmbergu;I-misc
2010.;O
ženskih;O
municija;O
Dejtonskog;B-misc
pušten;O
rešen;O
vojnika;O
okupio;O
humanitarnih;I-org
Mehmetom;B-per
pucnjavi;O
verskih;O
Josipa;B-per
integrišući;O
razgovarali;O
sveta;O
komentatora;O
tekstila;O
Gojković;I-per
pobedivši;O
Dragana;B-per
Aljbin;B-per
lingvistima;O
Sanadera;I-per
Sandžačke;B-org
Ljufti;B-per
Grčkom;B-loc
razrešeni;O
prekinut;O
pokažu;O
brutalnih;O
održivi;O
Miroljubom;B-per
šteta;O
Balikesir;I-org
Gordanom;B-per
samitu;O
ravno;O
kojima;O
obrazloženjem;O
poslovna;O
Đinusi;I-per
zdrav;O
očuvanju;O
stručnjak;O
učvrste;O
Krajšumoviću;I-per
Zorana;B-per
dodatnog;O
Rajs;I-per
Tribjuna;I-org
krizi;O
letnju;O
žestokom;O
šuma;O
51.505;O
Volfganga;B-per
štednje;O
ojačala;O
Država;I-loc
poduža;O
pesticida;O
Vanjo;B-per
Svedoka;B-per
socijalnom;O
Zloković;I-per
Potrebni;O
UNODC;B-org
Topalijevom;B-per
Fakulteta;B-org
pronađenim;O
Borisov;B-per
Tel;B-loc
investicionom;O
eksplozivna;O
negativne;O
plivanju;O
najduži;O
Saved;I-misc
ojačati;O